store,avg_sales
2,67.03316538882804
8,64.14204819277109
3,59.530602409638554
10,58.70928806133625
9,55.049025191675796
4,54.90294633077766
1,47.268378970427165
5,39.77016429353779
6,39.733515881708655
7,36.363734939759034
